run_label,num_images,wall_time_sec,wall_throughput_img_per_sec,mean_latency_ms,p95_latency_ms,overall_accuracy_pct
run_001_20imgs,20,117.24287748336792,0.17058605545430425,4856.32,5168.66015625,
run_002_50imgs,50,262.460009098053,0.1905052132392497,5088.54,5232.0400390625,
run_003_100imgs,100,499.2302167415619,0.20030838808734874,4914.96,5228.06005859375,
run_004_200imgs,200,989.2831082344055,0.20216659754450295,4907.41,5183.85009765625,
run_005_500imgs,500,1316.2368874549866,0.3798708308249713,7732.95,8188.740234375,
run_006_1000imgs,1000,2572.7353785037994,0.38869135487286693,10219.82,10772.1201171875,
